STT,Team,Median of Age,Median of MP,Median of Starts_x,Median of Ast_x,Median of G-PK,Median of PKatt_x,Median of CrdY,Median of CrdR,Median of xG_x,Median of npxG_x,Median of xAG_x,Median of PrgC_x,Median of PrgP_x,Median of PrgR_x,Median of Ast_x.1,Median of G-PK.1,Median of G+A-PK,Median of xG_x.1,Median of xAG_x.1,Median of xG+xAG,Median of npxG_x.1,Median of GA,Median of GA90,Median of SoTA,Median of Saves,Median of Save%,Median of W,Median of D,Median of L,Median of CS,Median of CS%,Median of PKatt_y,Median of PKA,Median of PKsv,Median of PKm,Median of Gls,Median of Sh_x,Median of SoT,Median of Sh/90,Median of SoT/90,Median of FK_x,Median of PK,Median of PKatt,Median of xG_y,Median of npxG_y,Median of G-xG,Median of np:G-xG,Median of Cmp_x,Median of Att_x,Median of Cmp%,Median of TotDist_x,Median of PrgDist_x,Median of Cmp_x.1,Median of Att_x.1,Median of Cmp%.1,Median of Cmp_x.2,Median of Att_x.2,Median of Cmp%.2,Median of Cmp_x.3,Median of Att_x.3,Median of Ast_y,Median of xAG_y,Median of xA,Median of A-xAG,Median of KP,Median of 1/3_x,Median of PPA,Median of CrsPA,Median of PrgP_y,Median of Live_x,Median of Dead,Median of FK_y,Median of TB,Median of Sw,Median of Crs_x,Median of TI,Median of CK,Median of In,Median of Out,Median of Str,Median of Off_x,Median of Blocks_x,Median of SCA,Median of SCA90,Median of PassLive,Median of PassDead,Median of TO,Median of Sh_y,Median of Fld_x,Median of Def,Median of GCA,Median of GCA90,Median of PassLive.1,Median of PassDead.1,Median of TO.1,Median of Sh_y.1,Median of Fld_x.1,Median of Def.1,Median of Tkl,Median of TklW,Median of Def 3rd_x,Median of Mid 3rd_x,Median of Att 3rd_x,Median of Tkl.1,Median of Att_y,Median of Lost_x,Median of Blocks_y,Median of Sh,Median of Pass,Median of Int,Median of Tkl+Int,Median of Clr,Median of Err,Median of Touches,Median of Def Pen,Median of Def 3rd_y,Median of Mid 3rd_y,Median of Att 3rd_y,Median of Att Pen,Median of Live_y,Median of Att,Median of Succ,Median of Tkld,Median of Carries,Median of TotDist_y,Median of PrgDist_y,Median of PrgC_y,Median of 1/3_y,Median of CPA,Median of Mis,Median of Dis,Median of Rec,Median of PrgR_y,Median of Compl,Median of Subs,Median of unSub,Median of PPM,Median of onG,Median of onGA,Median of onxG,Median of onxGA,Median of Fls,Median of Fld_y,Median of Off_y,Median of OG,Median of Recov,Median of Won,Median of Lost_y,Mean of Age,Mean of MP,Mean of Starts_x,Mean of Ast_x,Mean of G-PK,Mean of PKatt_x,Mean of CrdY,Mean of CrdR,Mean of xG_x,Mean of npxG_x,Mean of xAG_x,Mean of PrgC_x,Mean of PrgP_x,Mean of PrgR_x,Mean of Ast_x.1,Mean of G-PK.1,Mean of G+A-PK,Mean of xG_x.1,Mean of xAG_x.1,Mean of xG+xAG,Mean of npxG_x.1,Mean of GA,Mean of GA90,Mean of SoTA,Mean of Saves,Mean of Save%,Mean of W,Mean of D,Mean of L,Mean of CS,Mean of CS%,Mean of PKatt_y,Mean of PKA,Mean of PKsv,Mean of PKm,Mean of Gls,Mean of Sh_x,Mean of SoT,Mean of Sh/90,Mean of SoT/90,Mean of FK_x,Mean of PK,Mean of PKatt,Mean of xG_y,Mean of npxG_y,Mean of G-xG,Mean of np:G-xG,Mean of Cmp_x,Mean of Att_x,Mean of Cmp%,Mean of TotDist_x,Mean of PrgDist_x,Mean of Cmp_x.1,Mean of Att_x.1,Mean of Cmp%.1,Mean of Cmp_x.2,Mean of Att_x.2,Mean of Cmp%.2,Mean of Cmp_x.3,Mean of Att_x.3,Mean of Ast_y,Mean of xAG_y,Mean of xA,Mean of A-xAG,Mean of KP,Mean of 1/3_x,Mean of PPA,Mean of CrsPA,Mean of PrgP_y,Mean of Live_x,Mean of Dead,Mean of FK_y,Mean of TB,Mean of Sw,Mean of Crs_x,Mean of TI,Mean of CK,Mean of In,Mean of Out,Mean of Str,Mean of Off_x,Mean of Blocks_x,Mean of SCA,Mean of SCA90,Mean of PassLive,Mean of PassDead,Mean of TO,Mean of Sh_y,Mean of Fld_x,Mean of Def,Mean of GCA,Mean of GCA90,Mean of PassLive.1,Mean of PassDead.1,Mean of TO.1,Mean of Sh_y.1,Mean of Fld_x.1,Mean of Def.1,Mean of Tkl,Mean of TklW,Mean of Def 3rd_x,Mean of Mid 3rd_x,Mean of Att 3rd_x,Mean of Tkl.1,Mean of Att_y,Mean of Lost_x,Mean of Blocks_y,Mean of Sh,Mean of Pass,Mean of Int,Mean of Tkl+Int,Mean of Clr,Mean of Err,Mean of Touches,Mean of Def Pen,Mean of Def 3rd_y,Mean of Mid 3rd_y,Mean of Att 3rd_y,Mean of Att Pen,Mean of Live_y,Mean of Att,Mean of Succ,Mean of Tkld,Mean of Carries,Mean of TotDist_y,Mean of PrgDist_y,Mean of PrgC_y,Mean of 1/3_y,Mean of CPA,Mean of Mis,Mean of Dis,Mean of Rec,Mean of PrgR_y,Mean of Compl,Mean of Subs,Mean of unSub,Mean of PPM,Mean of onG,Mean of onGA,Mean of onxG,Mean of onxGA,Mean of Fls,Mean of Fld_y,Mean of Off_y,Mean of OG,Mean of Recov,Mean of Won,Mean of Lost_y,Std of Age,Std of MP,Std of Starts_x,Std of Ast_x,Std of G-PK,Std of PKatt_x,Std of CrdY,Std of CrdR,Std of xG_x,Std of npxG_x,Std of xAG_x,Std of PrgC_x,Std of PrgP_x,Std of PrgR_x,Std of Ast_x.1,Std of G-PK.1,Std of G+A-PK,Std of xG_x.1,Std of xAG_x.1,Std of xG+xAG,Std of npxG_x.1,Std of GA,Std of GA90,Std of SoTA,Std of Saves,Std of Save%,Std of W,Std of D,Std of L,Std of CS,Std of CS%,Std of PKatt_y,Std of PKA,Std of PKsv,Std of PKm,Std of Gls,Std of Sh_x,Std of SoT,Std of Sh/90,Std of SoT/90,Std of FK_x,Std of PK,Std of PKatt,Std of xG_y,Std of npxG_y,Std of G-xG,Std of np:G-xG,Std of Cmp_x,Std of Att_x,Std of Cmp%,Std of TotDist_x,Std of PrgDist_x,Std of Cmp_x.1,Std of Att_x.1,Std of Cmp%.1,Std of Cmp_x.2,Std of Att_x.2,Std of Cmp%.2,Std of Cmp_x.3,Std of Att_x.3,Std of Ast_y,Std of xAG_y,Std of xA,Std of A-xAG,Std of KP,Std of 1/3_x,Std of PPA,Std of CrsPA,Std of PrgP_y,Std of Live_x,Std of Dead,Std of FK_y,Std of TB,Std of Sw,Std of Crs_x,Std of TI,Std of CK,Std of In,Std of Out,Std of Str,Std of Off_x,Std of Blocks_x,Std of SCA,Std of SCA90,Std of PassLive,Std of PassDead,Std of TO,Std of Sh_y,Std of Fld_x,Std of Def,Std of GCA,Std of GCA90,Std of PassLive.1,Std of PassDead.1,Std of TO.1,Std of Sh_y.1,Std of Fld_x.1,Std of Def.1,Std of Tkl,Std of TklW,Std of Def 3rd_x,Std of Mid 3rd_x,Std of Att 3rd_x,Std of Tkl.1,Std of Att_y,Std of Lost_x,Std of Blocks_y,Std of Sh,Std of Pass,Std of Int,Std of Tkl+Int,Std of Clr,Std of Err,Std of Touches,Std of Def Pen,Std of Def 3rd_y,Std of Mid 3rd_y,Std of Att 3rd_y,Std of Att Pen,Std of Live_y,Std of Att,Std of Succ,Std of Tkld,Std of Carries,Std of TotDist_y,Std of PrgDist_y,Std of PrgC_y,Std of 1/3_y,Std of CPA,Std of Mis,Std of Dis,Std of Rec,Std of PrgR_y,Std of Compl,Std of Subs,Std of unSub,Std of PPM,Std of onG,Std of onGA,Std of onxG,Std of onxGA,Std of Fls,Std of Fld_y,Std of Off_y,Std of OG,Std of Recov,Std of Won,Std of Lost_y
0,all,25.0,23.0,16.0,1.0,1.0,0.0,3.0,0.0,1.2,1.1,1.0,17.0,45.0,30.0,0.05,0.07,0.15,0.08,0.07,0.17,0.08,27.5,1.62,79.0,54.0,67.9,5.5,4.0,6.5,3.0,19.5,2.0,2.0,0.0,0.0,1.0,12.0,4.0,1.03,0.29,0.0,0.0,0.0,1.2,1.1,-0.1,-0.1,498.0,636.0,78.8,7675.0,2373.0,248.0,280.0,88.7,181.0,217.0,84.5,32.0,61.0,1.0,1.0,0.9,-0.1,9.0,30.0,8.0,1.0,45.0,586.0,38.0,8.0,1.0,2.0,10.0,5.0,0.0,0.0,0.0,0.0,2.0,12.0,25.0,2.07,19.0,0.0,1.0,1.0,1.0,0.0,3.0,0.19,2.0,0.0,0.0,0.0,0.0,0.0,22.0,13.0,9.0,8.0,2.0,10.0,21.0,10.0,16.0,3.0,11.0,9.0,30.0,18.0,0.0,819.0,37.0,180.0,316.0,172.0,24.0,819.0,17.0,8.0,7.0,464.0,2342.0,1178.0,17.0,14.0,3.0,15.0,9.0,526.0,30.0,8.0,4.0,2.0,1.3,25.0,26.0,23.7,24.7,14.0,12.0,1.0,0.0,62.0,13.0,16.0,25.53,22.77,17.03,1.73,2.22,0.2,3.33,0.11,2.42,2.26,1.74,28.86,59.8,58.66,0.1,0.13,0.23,0.15,0.1,0.25,0.14,33.64,1.71,98.78,66.22,66.9,8.06,4.44,8.08,4.25,20.09,2.94,2.64,0.22,0.08,2.4,20.94,7.18,1.3,0.45,0.56,0.18,0.2,2.42,2.26,-0.01,-0.03,641.89,794.26,78.35,10909.73,3858.94,308.34,344.84,88.07,262.31,302.41,82.83,54.67,104.97,1.73,1.74,1.55,-0.02,15.94,47.75,13.72,2.87,59.8,721.13,70.19,19.07,2.65,4.12,26.71,27.64,8.3,4.06,2.43,0.2,2.94,14.78,37.32,2.22,27.36,3.11,2.14,2.41,1.57,0.72,4.17,0.25,2.93,0.26,0.3,0.33,0.27,0.08,27.36,16.08,13.29,10.22,3.86,12.72,25.91,13.2,18.94,6.08,12.86,12.89,40.25,31.98,0.67,968.72,107.98,319.04,414.47,244.14,40.3,968.52,28.57,13.04,12.46,554.28,2922.74,1504.38,28.86,20.37,9.17,21.73,14.46,634.22,58.66,10.86,5.74,4.95,1.34,27.83,27.57,26.31,26.14,17.05,16.43,2.92,0.1,74.76,20.79,20.57,4.15,10.06,11.19,2.45,3.34,0.85,2.85,0.34,3.52,3.1,2.17,32.27,57.52,71.37,0.14,0.18,0.25,0.18,0.11,0.24,0.17,22.6,0.63,66.39,45.55,8.58,6.72,3.08,6.61,3.93,14.77,2.65,2.59,0.48,0.28,3.74,22.94,9.05,1.1,0.47,1.77,0.75,0.85,3.52,3.1,1.39,1.37,551.65,635.84,8.26,9813.35,4181.58,264.58,284.1,6.88,255.74,276.07,10.29,64.14,133.07,2.45,2.17,1.87,1.14,18.43,50.47,16.08,4.39,57.52,585.87,87.81,27.64,4.44,5.96,42.55,55.24,23.17,11.84,8.89,0.94,3.13,13.28,37.46,1.45,26.82,7.7,3.39,2.95,2.27,1.12,4.9,0.26,3.48,0.8,0.74,0.72,0.64,0.28,23.92,14.29,13.21,9.62,4.02,12.16,22.9,12.27,15.39,8.0,10.86,12.76,34.99,36.29,1.1,717.12,201.95,349.89,370.57,239.22,47.51,717.03,32.8,15.42,14.81,436.25,2282.42,1261.36,32.27,19.99,16.05,20.91,16.01,508.95,71.37,10.28,5.2,6.44,0.59,20.38,18.21,18.23,17.05,13.73,15.8,4.66,0.33,56.03,23.97,21.03
1,Arsenal,24.0,27.0,18.0,2.0,2.0,0.0,2.0,0.0,1.6,1.6,1.4,17.0,72.0,37.0,0.17,0.12,0.25,0.12,0.13,0.24,0.12,14.5,0.79,41.5,27.0,66.2,14.0,2.5,2.5,9.0,41.65,1.5,1.0,0.5,0.0,2.0,17.0,5.0,1.34,0.3,0.0,0.0,0.0,1.6,1.6,0.2,0.0,699.0,785.0,83.7,9583.0,2564.0,306.0,342.0,90.9,229.0,267.0,85.9,37.0,60.0,2.0,1.4,0.9,0.4,9.0,43.0,14.0,2.0,72.0,759.0,49.0,7.0,3.0,2.0,12.0,6.0,0.0,0.0,0.0,0.0,3.0,11.0,28.0,2.86,25.0,1.0,1.0,1.0,1.0,0.0,5.0,0.38,3.0,0.0,0.0,0.0,0.0,0.0,24.0,15.0,9.0,9.0,4.0,11.0,22.0,7.0,18.0,1.0,15.0,12.0,36.0,9.0,0.0,912.0,25.0,182.0,389.0,239.0,31.0,912.0,14.0,8.0,6.0,591.0,3077.0,1532.0,17.0,21.0,6.0,13.0,9.0,650.0,37.0,7.0,7.0,3.0,2.34,39.0,11.0,37.3,12.2,15.0,13.0,1.0,0.0,59.0,15.0,16.0,24.76,26.81,19.86,2.95,3.62,0.48,2.95,0.1,3.71,3.34,2.66,38.95,99.62,98.86,0.16,0.16,0.32,0.2,0.14,0.34,0.18,14.5,0.79,41.5,27.0,66.2,14.0,2.5,2.5,9.0,41.65,1.5,1.0,0.5,0.0,4.1,30.71,9.9,1.63,0.5,0.29,0.48,0.48,3.71,3.34,0.38,0.28,900.67,1064.62,82.7,14610.14,4839.48,457.95,501.62,91.06,368.48,413.76,87.3,55.81,102.48,2.95,2.66,2.74,0.29,24.38,72.76,26.0,3.24,99.62,988.38,72.1,20.9,4.95,3.05,31.67,26.1,12.62,10.33,0.05,0.0,4.14,15.05,56.33,2.76,44.0,3.9,2.76,3.14,1.57,0.95,7.24,0.41,4.95,0.76,0.38,0.52,0.62,0.0,28.95,16.48,12.19,11.67,5.1,12.9,25.81,12.9,19.52,5.05,14.48,13.86,42.81,24.48,0.86,1251.43,93.95,318.29,536.67,405.43,70.29,1250.95,31.86,13.43,14.48,769.33,3833.9,1961.52,38.95,27.14,15.57,24.95,17.81,892.67,98.86,12.52,6.95,6.67,2.37,47.43,15.19,39.71,14.54,18.38,18.67,4.1,0.05,83.0,23.81,23.62,2.55,10.19,13.09,3.14,3.98,1.36,2.77,0.3,4.29,3.6,3.07,42.67,94.1,130.5,0.15,0.18,0.24,0.18,0.13,0.27,0.17,13.44,0.06,38.89,25.46,2.69,12.73,2.12,3.54,9.9,11.81,2.12,1.41,0.71,0.0,4.74,29.87,10.14,1.22,0.44,0.96,1.36,1.36,4.29,3.6,1.54,1.56,735.47,820.17,6.26,12197.28,4680.44,352.21,378.56,4.51,350.74,375.53,6.81,50.0,102.65,3.14,3.07,3.23,1.28,28.94,70.97,30.36,3.94,94.1,777.28,66.18,22.55,8.32,3.98,45.59,51.21,27.92,23.29,0.22,0.0,4.02,13.62,59.48,1.67,46.29,7.01,3.92,3.29,2.04,1.43,6.99,0.35,5.32,1.18,0.67,0.75,1.02,0.0,22.46,13.12,9.98,10.53,4.98,10.24,20.46,12.19,15.07,8.67,11.16,12.08,33.29,28.95,1.28,909.01,173.76,372.35,488.04,369.74,78.2,908.71,36.88,15.08,17.54,566.77,2933.08,1541.2,42.67,24.15,23.07,21.18,18.47,667.3,130.5,12.5,5.84,8.45,0.15,29.36,9.68,24.56,8.97,13.71,16.97,5.29,0.22,60.38,28.0,24.83
2,Aston Villa,26.0,27.0,20.0,1.0,2.0,0.0,4.0,0.0,1.4,1.4,1.0,32.0,55.0,33.0,0.08,0.11,0.21,0.1,0.09,0.21,0.1,30.5,2.16,86.5,57.5,64.0,10.0,4.0,5.0,4.0,11.75,1.0,0.5,0.5,0.0,2.0,14.0,5.0,0.78,0.35,0.0,0.0,0.0,1.4,1.4,0.0,0.0,573.0,790.0,80.4,8993.0,2559.0,293.0,329.0,89.9,184.0,242.0,85.7,48.0,82.0,1.0,1.0,1.0,-0.1,10.0,29.0,12.0,0.0,55.0,745.0,47.0,13.0,0.0,2.0,11.0,4.0,0.0,0.0,0.0,0.0,1.0,13.0,29.0,2.07,22.0,0.0,1.0,2.0,1.0,0.0,3.0,0.3,2.0,0.0,0.0,0.0,0.0,0.0,16.0,9.0,7.0,5.0,2.0,7.0,19.0,8.0,18.0,2.0,13.0,9.0,21.0,12.0,0.0,1017.0,44.0,215.0,318.0,186.0,27.0,1017.0,30.0,13.0,11.0,635.0,3527.0,1663.0,32.0,19.0,4.0,17.0,14.0,764.0,33.0,6.0,6.0,2.0,1.77,36.0,27.0,31.4,30.5,16.0,15.0,0.0,0.0,62.0,13.0,14.0,25.96,24.17,18.13,2.39,2.96,0.17,4.04,0.09,2.83,2.69,2.14,33.3,62.87,62.39,0.12,0.2,0.32,0.16,0.1,0.26,0.16,30.5,2.16,86.5,57.5,64.0,10.0,4.0,5.0,4.0,11.75,1.0,0.5,0.5,0.0,3.13,22.0,7.87,1.21,0.44,0.65,0.17,0.17,2.83,2.69,0.3,0.27,699.61,839.7,81.3,12198.52,4136.0,308.09,341.26,89.04,320.35,359.09,86.83,57.74,102.83,2.39,2.14,1.83,0.25,17.26,50.13,15.78,2.91,62.87,758.74,78.91,27.3,3.39,4.13,28.3,26.65,10.04,6.48,0.65,0.09,2.04,14.87,39.48,1.99,29.04,3.35,2.0,3.17,1.35,0.57,5.61,0.31,4.0,0.35,0.35,0.43,0.35,0.13,23.7,13.48,11.65,9.09,2.96,11.26,23.78,12.52,16.91,4.91,12.0,10.22,33.91,25.87,0.57,999.57,121.91,354.43,417.43,236.65,43.78,999.39,32.65,14.83,13.61,626.3,3400.17,1782.87,33.3,21.0,9.39,20.43,18.04,685.61,62.39,11.74,6.04,5.57,1.72,36.26,28.87,30.2,28.46,17.87,20.52,2.04,0.17,70.0,14.48,15.7,3.55,11.11,12.39,3.55,4.34,0.83,3.17,0.29,3.76,3.66,2.71,29.3,56.02,74.14,0.16,0.26,0.32,0.16,0.1,0.21,0.16,24.75,1.03,74.25,53.03,3.11,12.73,5.66,2.83,5.66,16.62,0.0,0.71,0.71,0.0,4.51,24.9,10.51,1.07,0.42,1.67,0.83,0.83,3.76,3.66,1.51,1.47,567.57,647.13,7.16,10542.24,4236.25,235.23,252.02,6.98,300.07,320.09,8.06,60.18,111.96,3.55,2.71,2.1,1.51,18.66,49.19,16.78,4.74,56.02,578.25,86.49,35.91,5.24,5.95,40.74,54.74,22.97,14.64,1.82,0.42,2.27,12.48,37.57,1.27,26.21,7.98,2.78,4.3,1.47,0.66,6.43,0.28,4.46,0.88,0.65,1.5,0.57,0.34,20.04,12.09,9.98,10.12,2.75,10.28,20.6,11.43,11.52,6.18,8.21,9.08,28.66,26.42,1.08,711.88,238.15,389.62,365.49,214.65,51.96,711.54,31.3,15.51,13.56,457.07,2449.83,1427.93,29.3,17.22,13.28,19.65,17.47,498.01,74.14,11.07,6.06,8.33,0.36,24.32,17.37,20.29,17.11,13.44,18.84,4.02,0.49,52.14,12.94,16.46
3,Bournemouth,24.5,25.5,13.0,1.0,0.5,0.0,3.0,0.0,1.15,1.15,1.1,22.0,43.5,27.5,0.08,0.02,0.15,0.06,0.08,0.15,0.06,7.0,1.72,18.0,13.0,69.7,2.0,0.0,2.0,2.0,21.9,1.0,1.0,0.0,0.0,0.5,12.5,3.5,0.96,0.25,0.0,0.0,0.0,1.15,1.15,-0.1,-0.1,385.5,540.5,74.75,5953.0,1703.5,188.0,237.5,85.2,142.5,172.5,81.0,25.5,56.5,1.0,1.1,0.95,-0.05,10.5,25.0,12.5,2.0,43.5,463.0,42.5,6.5,1.0,2.5,14.0,4.0,0.0,0.0,0.0,0.0,1.5,16.5,30.0,2.37,25.5,1.0,1.0,1.5,1.0,1.0,3.0,0.2,2.0,0.0,0.0,0.0,0.0,0.0,24.0,14.5,7.5,9.5,3.5,9.0,27.0,13.0,17.0,3.0,12.5,7.5,33.5,22.0,0.0,733.0,43.0,138.0,284.0,160.5,14.5,733.0,17.5,10.0,8.0,365.5,2314.5,1162.0,22.0,17.5,2.5,16.0,9.0,421.5,27.5,5.5,5.5,3.0,1.23,19.0,28.5,19.0,26.05,16.0,12.5,1.0,0.0,72.0,15.0,21.0,25.04,22.08,16.04,1.5,1.92,0.12,3.0,0.12,2.19,2.1,1.57,27.04,50.04,49.5,0.11,0.14,0.25,0.19,0.11,0.3,0.19,22.33,2.16,64.67,42.33,61.3,4.33,3.0,5.33,3.0,23.97,2.33,2.0,0.33,0.0,2.0,20.54,6.65,1.56,0.52,0.69,0.08,0.12,2.19,2.1,-0.19,-0.17,455.15,608.62,73.93,8459.27,3185.35,190.15,224.15,85.91,201.88,237.92,81.71,53.31,113.38,1.5,1.57,1.28,-0.07,15.88,40.88,13.5,3.38,50.04,537.65,68.81,16.08,1.81,3.5,27.04,29.46,9.0,7.35,0.35,0.15,2.15,13.77,36.38,2.53,26.85,2.69,2.35,2.15,1.31,1.04,3.19,0.23,2.38,0.12,0.19,0.23,0.12,0.15,26.46,15.65,11.5,10.69,4.27,12.42,26.19,13.77,19.15,5.81,13.35,13.62,40.08,31.12,0.62,790.69,95.15,260.69,323.62,216.92,39.54,790.58,32.92,14.46,15.62,421.15,2536.69,1324.12,27.04,19.5,9.19,24.27,14.73,449.65,49.5,9.5,6.04,4.42,1.24,22.81,28.15,23.5,24.42,19.38,14.31,2.15,0.04,76.96,22.19,25.65,3.54,11.85,12.73,1.5,3.73,0.59,2.94,0.33,3.91,3.49,1.6,26.18,45.89,59.09,0.12,0.21,0.29,0.3,0.1,0.37,0.3,28.31,1.19,86.96,58.77,21.94,4.93,5.2,6.66,3.61,25.06,3.21,2.65,0.58,0.0,4.06,26.17,9.26,1.73,0.61,1.67,0.39,0.59,3.91,3.49,1.08,1.08,383.69,495.15,6.37,8029.2,3668.22,141.14,164.96,6.89,208.13,230.48,10.55,65.08,141.76,1.5,1.6,1.36,0.91,15.79,44.78,12.01,4.21,45.89,450.77,80.65,23.65,3.39,4.19,34.54,56.97,21.68,18.52,1.06,0.37,2.36,10.35,31.95,1.54,23.46,5.04,3.35,2.46,1.62,1.18,2.62,0.23,2.17,0.43,0.49,0.71,0.33,0.37,23.33,13.42,11.31,10.31,4.36,11.51,23.11,12.57,16.91,7.99,11.88,16.55,38.46,35.29,1.06,605.02,187.02,309.06,301.05,203.43,51.36,604.97,36.52,15.97,18.83,328.96,1977.68,1107.1,26.18,20.28,12.91,29.06,20.02,348.54,59.09,10.85,5.28,5.61,0.31,16.92,19.35,17.71,17.71,16.14,12.51,3.39,0.2,66.15,23.9,29.39
4,Brentford,25.0,26.0,15.0,1.0,1.0,0.0,3.0,0.0,1.2,1.2,1.4,15.0,43.0,31.0,0.06,0.08,0.14,0.07,0.09,0.19,0.07,32.5,1.53,92.0,59.5,70.15,5.0,4.5,9.5,3.5,9.45,1.0,1.0,0.0,0.0,1.0,10.0,4.0,0.79,0.24,0.0,0.0,0.0,1.2,1.2,0.0,0.0,327.0,462.0,73.3,5565.0,1897.0,169.0,219.0,86.4,131.0,167.0,78.4,27.0,62.0,1.0,1.4,1.0,-0.1,10.0,32.0,10.0,2.0,43.0,444.0,49.0,8.0,1.0,3.0,16.0,15.0,0.0,0.0,0.0,0.0,2.0,13.0,24.0,2.22,18.0,0.0,1.0,2.0,1.0,0.0,3.0,0.12,2.0,0.0,0.0,0.0,0.0,0.0,26.0,15.0,12.0,9.0,3.0,9.0,20.0,10.0,15.0,3.0,8.0,10.0,33.0,17.0,0.0,704.0,32.0,132.0,286.0,162.0,24.0,704.0,14.0,8.0,7.0,370.0,1958.0,864.0,15.0,11.0,3.0,17.0,8.0,447.0,31.0,8.0,3.0,1.0,1.05,20.0,29.0,22.8,23.8,12.0,11.0,2.0,0.0,62.0,15.0,23.0,25.78,23.0,17.0,1.35,1.96,0.13,3.35,0.04,2.33,2.23,1.64,18.96,52.22,48.78,0.1,0.13,0.23,0.15,0.1,0.24,0.14,32.5,1.53,92.0,59.5,70.15,5.0,4.5,9.5,3.5,9.45,1.0,1.0,0.0,0.0,2.09,18.13,6.26,1.12,0.42,0.7,0.13,0.13,2.33,2.23,-0.24,-0.27,516.3,688.48,73.41,9362.78,3687.39,228.52,269.3,84.93,217.83,265.87,78.68,57.57,115.35,1.35,1.64,1.53,-0.3,12.83,40.35,12.96,3.96,52.22,614.91,70.74,18.61,2.78,4.78,26.61,27.61,6.7,3.0,1.74,0.43,2.83,13.3,31.48,1.93,21.83,3.96,1.3,2.04,1.78,0.57,3.04,0.22,2.17,0.22,0.13,0.26,0.26,0.0,26.83,16.13,13.78,9.78,3.26,12.52,27.83,15.3,18.83,5.91,12.91,15.61,42.43,37.3,0.7,864.35,122.43,331.74,336.91,202.43,37.91,864.22,21.87,9.39,9.96,447.39,2285.13,1188.91,18.96,13.43,5.96,21.74,10.22,505.74,48.78,10.26,6.0,4.7,1.04,24.74,28.48,25.93,24.66,15.22,16.26,2.78,0.0,76.0,26.22,23.43,3.75,10.63,11.32,1.43,2.64,0.63,2.69,0.21,2.99,2.75,1.44,17.62,41.58,52.95,0.11,0.15,0.23,0.15,0.07,0.18,0.14,43.13,0.28,118.79,75.66,6.86,7.07,6.36,12.02,4.95,13.36,1.41,1.41,0.0,0.0,2.91,18.4,7.1,0.88,0.41,1.89,0.63,0.63,2.99,2.75,1.17,1.19,401.85,505.73,7.29,8584.48,4750.55,165.5,188.91,8.01,202.99,224.38,10.84,82.97,170.77,1.43,1.44,1.47,0.8,11.81,32.57,11.47,5.16,41.58,446.14,102.05,34.89,3.94,5.81,30.19,30.9,16.61,7.91,4.24,1.24,2.53,8.68,25.91,1.02,17.69,8.46,1.66,2.1,2.15,0.73,2.98,0.23,2.25,0.6,0.34,0.45,0.54,0.0,20.69,12.76,11.77,8.38,2.82,10.09,25.43,17.03,14.83,7.56,11.11,15.46,34.78,44.27,1.15,585.55,263.01,391.7,256.05,163.25,34.37,585.51,19.3,6.85,10.93,302.14,1496.14,860.65,17.62,12.99,9.37,18.22,8.82,338.22,52.95,10.27,6.26,8.28,0.22,15.67,17.99,16.19,15.73,11.33,13.69,4.1,0.0,53.29,27.8,17.19
5,Brighton,23.5,20.0,15.0,1.0,0.0,0.0,3.0,0.0,1.0,1.0,0.9,21.0,43.0,41.0,0.04,0.0,0.22,0.08,0.1,0.23,0.08,31.0,1.66,82.5,52.5,65.3,6.0,6.0,7.0,3.0,15.4,3.0,3.0,0.0,0.0,0.0,14.0,5.5,1.18,0.4,0.0,0.0,0.0,1.0,1.0,-0.3,-0.3,500.5,617.5,84.1,6916.0,1599.5,304.0,328.0,91.6,167.0,192.5,86.5,18.5,28.5,1.0,0.9,0.9,-0.25,9.5,23.0,7.5,1.0,43.0,561.5,35.0,6.0,1.5,1.0,7.0,6.5,0.0,0.0,0.0,0.0,2.0,9.5,23.0,2.55,16.0,0.0,0.5,1.0,0.0,0.0,2.0,0.15,2.0,0.0,0.0,0.0,0.0,0.0,19.5,13.5,9.0,7.0,3.0,9.0,18.0,9.5,11.5,2.0,9.5,8.5,29.0,13.0,0.0,719.0,25.5,132.5,285.0,151.0,20.5,719.0,17.0,6.0,6.0,466.5,2217.0,1026.5,21.0,16.5,2.5,15.0,6.5,512.0,41.0,5.5,5.0,3.0,1.3,20.0,26.0,21.75,22.3,12.0,12.5,1.5,0.0,43.5,7.5,11.5,24.79,20.93,14.89,1.29,1.61,0.21,3.14,0.11,2.07,1.9,1.5,30.82,63.5,63.04,0.09,0.11,0.2,0.14,0.11,0.25,0.13,31.0,1.66,82.5,52.5,65.3,6.0,6.0,7.0,3.0,15.4,3.0,3.0,0.0,0.0,1.79,19.75,7.07,1.44,0.52,0.39,0.18,0.21,2.07,1.9,-0.28,-0.29,778.0,892.61,84.21,12168.21,4059.07,412.82,444.79,91.58,294.68,325.39,86.29,46.29,77.29,1.29,1.5,1.56,-0.21,15.29,53.0,13.71,2.89,63.5,832.11,57.5,18.25,2.21,2.71,23.96,19.29,7.36,3.07,2.61,0.18,3.0,11.68,36.0,2.43,26.71,3.11,1.93,2.5,1.36,0.39,3.18,0.2,2.11,0.18,0.32,0.32,0.21,0.04,22.96,13.07,10.39,9.0,3.57,10.93,23.39,12.46,15.5,4.96,10.54,10.29,33.25,21.43,0.75,1037.68,114.07,337.04,466.75,240.75,38.5,1037.46,25.5,10.57,11.5,678.04,3313.89,1744.07,30.82,20.79,9.57,20.46,12.18,769.04,63.04,8.54,6.04,4.68,1.26,21.54,24.21,22.25,21.64,14.68,16.21,2.96,0.07,62.39,14.46,12.21,5.7,8.75,8.6,2.05,2.04,0.96,2.21,0.31,2.63,2.08,1.69,31.55,67.58,74.22,0.11,0.15,0.18,0.15,0.09,0.2,0.14,4.24,0.47,12.02,14.85,10.18,1.41,2.83,1.41,1.41,5.09,0.0,0.0,0.0,0.0,2.42,18.04,7.02,1.25,0.5,1.07,0.77,0.96,2.63,2.08,1.06,1.07,777.75,852.68,5.4,13049.34,5040.55,380.96,395.86,4.35,342.53,363.41,7.65,59.36,99.39,2.05,1.69,1.91,0.9,19.74,66.59,16.6,5.67,67.58,795.2,68.49,30.39,2.28,4.27,46.41,26.43,25.1,10.69,10.81,0.67,2.64,9.27,37.72,1.3,24.71,10.16,3.28,3.25,2.18,0.57,3.87,0.18,2.3,0.55,0.98,0.61,0.57,0.19,17.42,11.21,9.0,6.69,3.69,9.78,18.04,9.67,14.07,8.47,8.97,8.94,24.66,22.93,1.14,910.46,203.53,422.03,474.6,228.86,46.84,910.33,31.34,12.94,15.36,618.18,2943.75,1669.23,31.55,18.3,17.51,18.78,13.99,717.06,74.22,9.27,4.52,5.37,0.31,13.31,12.8,13.04,12.42,9.91,14.45,4.06,0.26,45.85,17.05,8.81
6,Burnley,24.0,16.0,14.0,1.0,1.0,0.0,2.0,0.0,0.55,0.55,0.8,15.0,34.5,25.0,0.06,0.04,0.09,0.06,0.06,0.12,0.06,39.0,1.9,122.0,84.0,73.25,2.5,4.5,12.0,1.0,3.55,3.5,3.0,0.5,0.0,1.0,9.5,3.0,0.86,0.28,0.0,0.0,0.0,0.55,0.55,-0.15,-0.15,395.5,513.0,76.1,6232.5,1825.0,189.5,222.5,85.65,146.5,183.5,78.75,29.0,49.5,1.0,0.8,0.55,-0.1,7.5,22.5,5.5,1.0,34.5,450.0,38.0,6.0,1.0,2.0,9.5,3.0,0.0,0.0,0.0,0.0,2.0,9.5,18.0,1.78,11.0,0.0,1.0,0.5,1.0,0.0,1.5,0.13,1.0,0.0,0.0,0.0,0.0,0.0,13.5,7.5,6.0,5.0,2.0,7.0,17.0,9.5,13.0,3.0,10.0,6.5,20.5,22.0,0.0,681.0,38.5,159.5,264.5,131.5,18.0,681.0,12.5,4.5,6.0,389.0,2397.5,1314.5,15.0,12.0,2.0,14.0,8.0,434.5,25.0,8.0,4.5,4.0,0.63,14.0,25.0,14.9,21.0,12.0,9.5,1.5,0.0,50.5,13.5,22.0,24.07,20.39,14.93,1.07,1.32,0.11,2.75,0.25,1.46,1.38,1.06,25.75,42.04,41.36,0.06,0.08,0.14,0.11,0.07,0.18,0.1,39.0,1.9,122.0,84.0,73.25,2.5,4.5,12.0,1.0,3.55,3.5,3.0,0.5,0.0,1.43,15.29,4.89,1.12,0.38,0.46,0.11,0.11,1.46,1.38,-0.04,-0.06,496.5,639.61,75.72,8769.57,2979.82,224.64,258.61,86.31,214.46,250.96,80.19,47.25,98.29,1.07,1.06,0.96,0.01,11.64,34.64,7.71,1.93,42.04,576.5,60.39,15.82,1.75,2.75,19.54,23.89,6.43,2.39,2.07,0.32,2.71,12.18,26.96,1.93,19.54,2.64,1.75,1.61,1.11,0.32,2.61,0.16,1.93,0.21,0.29,0.07,0.11,0.0,21.57,12.18,10.04,8.75,2.79,10.11,20.75,10.64,16.96,6.04,10.93,9.96,31.54,29.86,0.79,789.96,103.82,286.14,327.29,183.32,29.07,789.86,24.86,10.61,11.75,436.0,2382.21,1260.57,25.75,16.32,8.57,18.43,10.54,490.57,41.36,9.11,5.46,5.25,0.61,15.86,30.39,15.84,27.34,15.18,12.57,2.71,0.11,61.54,20.04,24.71,3.84,9.35,10.01,1.18,1.7,0.31,2.93,0.44,1.72,1.56,1.01,26.49,41.42,42.52,0.06,0.11,0.14,0.12,0.06,0.15,0.11,32.53,0.43,62.23,31.11,10.68,0.71,0.71,11.31,1.41,5.02,2.12,2.83,0.71,0.0,1.85,14.66,5.66,0.9,0.4,2.08,0.31,0.31,1.72,1.56,0.93,0.94,400.39,497.46,8.03,7653.8,3614.98,171.38,192.66,7.55,196.65,217.11,10.74,56.8,148.17,1.18,1.01,0.92,0.74,11.14,38.1,6.81,2.96,41.42,455.73,73.84,26.19,2.14,2.85,23.17,51.13,14.37,5.91,4.47,1.06,2.54,8.81,23.41,1.26,18.29,5.06,2.85,2.17,1.29,0.67,2.6,0.17,2.16,0.57,0.76,0.26,0.31,0.0,20.22,11.94,10.13,9.13,3.07,10.83,19.11,9.05,13.49,7.39,9.13,10.4,28.82,33.23,1.17,566.79,202.72,339.93,285.5,152.27,29.58,566.82,29.08,12.44,14.38,304.73,1637.56,925.74,26.49,15.48,13.08,18.57,10.25,344.34,42.52,9.35,4.84,5.69,0.19,10.84,19.13,10.17,17.63,12.17,11.65,3.76,0.31,47.77,26.14,23.33
7,Chelsea,22.0,22.0,17.0,1.0,1.0,0.0,2.5,0.0,1.0,1.0,1.15,20.5,45.5,31.0,0.08,0.08,0.15,0.08,0.07,0.23,0.08,31.5,1.64,93.0,62.5,68.1,9.0,4.5,5.5,4.0,20.75,2.5,1.5,0.5,0.5,1.0,12.5,4.0,1.28,0.24,0.0,0.0,0.0,1.0,1.0,0.0,0.0,526.5,697.0,85.3,9475.5,2685.5,273.0,301.0,91.95,192.5,224.0,88.95,31.0,65.5,1.0,1.15,0.95,-0.1,8.0,29.5,6.5,0.5,45.5,621.0,54.5,12.0,2.0,1.0,9.0,6.0,0.0,0.0,0.0,0.0,1.5,6.0,22.5,2.11,15.5,1.0,0.5,1.0,0.5,0.0,3.0,0.2,2.0,0.0,0.0,0.0,0.0,0.0,18.5,11.0,8.5,7.5,2.5,9.5,19.5,6.5,12.0,3.5,7.5,6.0,24.5,15.5,0.0,870.5,47.5,285.5,291.0,146.0,25.0,870.5,14.0,8.0,6.0,495.5,3043.0,1656.5,20.5,12.5,2.5,16.5,6.5,602.5,31.0,9.0,4.0,3.5,1.66,31.0,26.5,33.45,24.35,10.5,10.0,1.0,0.0,52.0,9.5,14.5,23.08,21.42,16.21,1.67,2.17,0.12,4.21,0.17,2.39,2.29,1.7,31.46,58.92,58.33,0.1,0.15,0.26,0.16,0.11,0.26,0.15,31.5,1.64,93.0,62.5,68.1,9.0,4.5,5.5,4.0,20.75,2.5,1.5,0.5,0.5,2.25,18.17,6.54,1.28,0.41,0.46,0.08,0.12,2.39,2.29,-0.14,-0.12,784.92,910.42,83.64,12858.83,4333.21,391.29,424.75,90.99,322.38,355.96,85.8,52.5,89.0,1.67,1.7,1.43,-0.03,14.38,50.38,11.79,1.92,58.92,841.5,65.79,19.71,3.71,3.62,19.88,24.5,6.12,2.25,1.79,0.17,3.12,12.79,33.88,2.14,25.08,2.04,2.58,1.5,1.83,0.83,4.46,0.3,2.88,0.29,0.42,0.33,0.46,0.08,26.38,15.0,13.04,9.46,3.88,13.04,25.21,12.17,17.67,6.71,10.96,11.58,37.96,31.96,0.92,1076.75,125.0,381.58,468.62,236.75,37.92,1076.62,31.75,14.33,13.25,642.17,3209.83,1686.62,31.46,19.88,10.21,22.62,13.5,768.46,58.33,10.54,5.21,3.88,1.65,32.33,26.58,31.47,24.32,17.42,17.62,3.29,0.12,72.46,17.79,16.38,3.97,9.31,11.0,2.01,3.27,0.45,3.4,0.48,3.94,3.89,1.73,34.14,58.56,67.89,0.13,0.19,0.23,0.17,0.1,0.21,0.17,9.19,0.11,21.21,14.85,3.39,5.66,0.71,2.12,1.41,2.76,0.71,0.71,0.71,0.71,3.3,20.16,8.8,1.0,0.41,1.22,0.28,0.45,3.94,3.89,1.54,1.48,671.26,731.24,6.73,11373.94,4128.51,327.65,345.74,5.2,316.93,332.55,10.4,53.98,86.63,2.01,1.73,1.37,0.88,14.73,54.7,12.38,3.05,58.56,701.0,56.05,20.0,5.16,6.47,24.8,39.33,14.4,5.82,3.96,0.56,3.96,12.05,33.01,1.23,23.62,3.77,4.85,1.91,2.44,1.66,4.65,0.35,3.03,1.04,0.97,0.56,0.93,0.28,25.88,14.39,12.95,10.33,4.25,12.69,23.49,12.51,16.25,7.71,10.93,12.25,37.45,36.26,1.35,823.1,192.54,372.65,453.88,220.57,44.33,823.01,37.26,16.68,16.77,504.32,2332.51,1240.18,34.14,19.35,16.35,22.81,16.2,617.26,67.89,9.82,3.8,3.96,0.27,21.41,16.84,20.37,15.1,18.99,17.92,5.85,0.34,62.48,18.03,13.93
8,Crystal Palace,25.0,25.0,17.0,1.0,0.0,0.0,3.0,0.0,0.6,0.6,1.1,15.0,43.0,18.0,0.05,0.0,0.09,0.04,0.07,0.13,0.04,27.0,1.35,67.0,41.0,62.7,5.0,6.0,9.0,6.0,30.0,2.0,2.0,0.0,0.0,0.0,10.0,2.0,0.59,0.2,0.0,0.0,0.0,0.6,0.6,0.0,0.0,495.0,600.0,77.0,8091.0,2634.0,266.0,288.0,87.5,164.0,224.0,84.1,27.0,62.0,1.0,1.1,1.1,0.0,18.0,39.0,7.0,2.0,43.0,553.0,37.0,8.0,1.0,2.0,11.0,2.0,0.0,0.0,0.0,0.0,2.0,14.0,28.0,2.25,21.0,0.0,1.0,1.0,1.0,1.0,3.0,0.15,3.0,0.0,0.0,0.0,0.0,0.0,34.0,17.0,14.0,13.0,3.0,14.0,24.0,10.0,17.0,2.0,12.0,11.0,46.0,19.0,0.0,742.0,25.0,145.0,396.0,183.0,15.0,742.0,15.0,9.0,6.0,385.0,1931.0,877.0,15.0,11.0,2.0,13.0,8.0,465.0,18.0,10.0,5.0,2.0,1.29,29.0,25.0,23.0,21.8,18.0,15.0,1.0,0.0,76.0,13.0,17.0,25.13,22.65,17.39,1.87,2.26,0.17,3.09,0.09,2.13,2.0,1.68,22.0,51.09,50.48,0.1,0.11,0.21,0.12,0.1,0.22,0.12,27.0,1.35,67.0,41.0,62.7,5.0,6.0,9.0,6.0,30.0,2.0,2.0,0.0,0.0,2.43,19.65,7.04,1.31,0.41,0.87,0.17,0.17,2.13,2.0,0.3,0.26,548.57,706.22,77.2,9460.17,3447.61,259.0,297.09,86.81,226.61,267.65,83.32,48.65,100.96,1.87,1.68,1.38,0.19,15.35,42.83,11.83,2.61,51.09,634.04,69.17,19.43,2.26,4.22,25.35,31.35,7.74,3.52,2.48,0.26,3.0,15.91,34.48,2.07,24.04,3.22,2.09,2.17,1.96,1.0,4.43,0.28,3.65,0.17,0.26,0.09,0.26,0.0,34.22,20.13,16.17,13.09,4.96,14.61,26.39,11.78,19.83,5.3,14.52,14.0,48.22,39.91,0.17,904.35,81.04,290.61,402.91,220.65,34.65,904.17,32.04,14.83,13.91,463.0,2340.61,1134.43,22.0,16.65,7.39,26.3,18.52,546.26,50.48,11.91,5.26,4.87,1.27,25.7,26.22,22.2,23.7,19.87,18.48,3.13,0.04,82.3,23.74,24.13,4.37,9.64,11.24,2.12,3.92,0.49,2.64,0.29,3.02,2.7,1.72,21.14,38.03,58.69,0.13,0.2,0.28,0.14,0.11,0.22,0.13,,,,,,,,,,,,,,,4.37,21.97,9.56,1.27,0.47,2.63,0.49,0.49,3.02,2.7,1.59,1.48,424.81,536.18,7.65,8555.8,3584.71,176.26,201.3,5.87,222.27,248.81,8.53,64.29,132.28,2.12,1.72,1.49,0.95,13.89,40.8,12.3,3.47,38.03,486.61,85.4,26.47,2.77,7.34,33.36,78.39,17.09,7.98,5.53,0.75,3.52,15.24,29.16,1.47,17.86,6.37,3.4,2.5,3.31,1.0,4.09,0.27,3.19,0.39,0.54,0.29,0.62,0.0,24.67,14.58,16.42,8.08,4.43,10.85,16.65,7.35,15.63,5.94,12.94,11.57,34.08,50.91,0.39,639.18,128.15,324.85,297.44,195.57,36.15,639.17,38.59,17.25,17.82,328.03,1790.25,943.69,21.14,16.64,11.2,27.26,22.79,385.61,58.69,10.2,5.14,6.31,0.37,16.17,15.91,12.75,14.07,14.64,21.3,5.62,0.21,60.15,24.41,20.61
9,Everton,26.0,28.5,23.5,0.0,1.0,0.0,2.5,0.0,1.6,1.6,1.05,14.5,40.5,39.0,0.0,0.09,0.12,0.1,0.1,0.19,0.1,51.0,1.34,165.0,117.0,73.9,13.0,9.0,16.0,13.0,34.2,8.0,8.0,0.0,0.0,1.0,20.0,4.0,1.25,0.35,0.0,0.0,0.0,1.6,1.6,-0.5,-0.5,401.0,590.5,70.45,6005.0,2375.5,197.0,261.5,85.7,142.0,199.5,76.25,27.5,64.0,0.0,1.05,0.9,-0.95,9.5,34.5,8.5,1.0,40.5,523.5,16.5,1.5,1.0,1.0,10.5,4.0,0.0,0.0,0.0,0.0,3.0,11.5,28.5,2.31,19.5,0.0,1.0,3.5,1.0,1.0,1.5,0.14,1.0,0.0,0.0,0.0,0.0,0.0,32.0,21.0,14.0,9.5,3.0,14.5,32.5,15.0,14.0,4.0,11.0,10.5,44.5,25.0,0.0,836.5,49.5,193.5,270.0,192.5,25.0,835.5,21.0,9.5,10.5,448.0,2293.0,911.0,14.5,13.0,3.5,16.5,8.5,572.5,39.0,11.0,4.0,2.0,1.24,22.0,25.5,31.6,29.95,19.0,8.5,1.0,0.0,53.0,16.0,19.0,26.32,24.27,18.91,0.77,1.73,0.14,3.73,0.05,2.54,2.44,1.79,22.23,51.14,50.5,0.03,0.11,0.14,0.2,0.11,0.31,0.2,51.0,1.34,165.0,117.0,73.9,13.0,9.0,16.0,13.0,34.2,8.0,8.0,0.0,0.0,1.82,22.73,6.82,1.59,0.6,0.64,0.09,0.14,2.54,2.44,-0.72,-0.71,514.55,703.18,71.69,9451.77,4008.86,235.68,276.23,83.51,199.0,245.18,76.22,66.41,138.23,0.77,1.79,1.42,-1.02,15.23,43.5,12.77,3.45,51.14,621.27,77.91,18.59,2.05,3.55,33.73,34.86,7.95,6.18,1.09,0.14,4.0,15.68,38.27,2.12,26.64,3.68,1.32,3.32,1.86,1.45,2.73,0.13,1.5,0.23,0.0,0.59,0.23,0.18,33.68,20.09,16.82,11.86,5.0,15.68,31.73,16.05,21.68,8.05,13.64,16.23,49.91,40.09,0.55,908.73,116.73,308.45,370.95,238.41,36.64,908.59,25.45,11.23,12.09,442.55,2356.32,1167.18,22.23,17.45,5.68,25.32,14.5,509.95,50.5,13.55,5.36,6.09,1.1,20.0,25.27,26.85,27.35,20.77,16.41,3.91,0.14,89.27,30.73,26.23,4.97,10.84,13.57,1.48,1.88,0.47,3.12,0.21,3.17,2.89,1.99,21.85,41.27,46.41,0.06,0.11,0.12,0.28,0.09,0.29,0.27,,,,,,,,,,,,,,,2.08,19.5,6.95,1.23,0.72,1.26,0.43,0.47,3.17,2.89,1.77,1.78,390.33,518.21,8.16,8771.67,5710.29,171.68,194.41,9.13,169.91,193.25,12.39,101.36,220.27,1.48,1.99,1.82,0.87,16.7,37.79,12.95,5.23,41.27,456.31,118.07,48.01,3.14,5.27,54.77,63.16,21.03,16.66,3.29,0.47,3.74,15.06,32.55,0.93,21.49,8.42,1.76,2.36,2.05,1.6,2.76,0.1,1.6,0.87,0.0,0.85,0.43,0.5,27.63,16.02,15.88,10.63,4.86,14.18,24.44,12.17,19.78,13.19,10.04,17.15,43.46,49.64,0.86,627.26,238.52,387.17,281.26,195.63,33.6,627.32,19.69,8.79,9.97,302.44,1746.7,1004.5,21.85,15.33,6.46,22.29,15.34,338.52,46.41,12.67,5.72,8.16,0.35,14.29,16.09,17.56,17.52,15.03,14.32,6.51,0.35,67.43,41.06,31.37
10,Fulham,27.0,29.0,18.0,1.0,2.0,0.0,3.0,0.0,1.6,1.6,1.1,15.0,62.0,48.0,0.06,0.1,0.17,0.11,0.1,0.19,0.11,61.0,1.61,190.0,133.0,72.1,13.0,8.0,17.0,10.0,26.3,8.0,8.0,0.0,0.0,2.0,14.0,7.0,1.04,0.47,0.0,0.0,0.0,1.6,1.6,0.0,0.0,912.0,1060.0,79.9,16128.0,3848.0,306.0,333.0,88.8,325.0,403.0,82.8,66.0,109.0,1.0,1.1,1.0,0.0,13.0,47.0,10.0,2.0,62.0,1029.0,38.0,17.0,2.0,3.0,19.0,2.0,0.0,0.0,0.0,0.0,2.0,13.0,29.0,1.97,21.0,0.0,1.0,3.0,0.0,0.0,2.0,0.19,1.0,0.0,0.0,0.0,0.0,0.0,24.0,14.0,9.0,8.0,2.0,11.0,21.0,12.0,16.0,3.0,12.0,13.0,40.0,19.0,0.0,1258.0,34.0,214.0,519.0,220.0,31.0,1258.0,20.0,9.0,9.0,794.0,3780.0,1855.0,15.0,13.0,4.0,25.0,10.0,884.0,48.0,7.0,5.0,3.0,1.24,25.0,28.0,25.5,28.8,16.0,11.0,2.0,0.0,72.0,13.0,19.0,27.9,27.24,19.9,1.86,2.48,0.1,3.9,0.19,2.47,2.4,1.79,31.57,69.67,68.62,0.11,0.17,0.28,0.16,0.1,0.26,0.16,61.0,1.61,190.0,133.0,72.1,13.0,8.0,17.0,10.0,26.3,8.0,8.0,0.0,0.0,2.57,23.62,8.24,1.38,0.53,0.67,0.1,0.1,2.47,2.4,0.1,0.08,772.43,957.62,78.9,13751.71,4771.67,332.57,373.67,87.75,344.81,395.29,82.2,75.14,135.38,1.86,1.79,1.6,0.07,18.0,52.81,16.76,4.48,69.67,872.0,83.24,22.0,2.76,5.62,34.81,32.29,10.1,3.33,4.67,0.05,2.38,19.86,41.62,2.2,30.95,3.76,1.86,3.19,1.14,0.71,4.48,0.27,3.43,0.29,0.19,0.38,0.14,0.05,32.1,18.14,16.05,12.24,3.81,16.43,32.14,15.71,20.71,5.57,15.14,17.52,49.62,35.33,0.67,1150.14,132.71,408.1,490.14,262.67,39.95,1150.05,25.38,12.52,10.67,657.05,3435.48,1739.57,31.57,23.95,7.14,24.62,15.29,765.57,68.62,11.62,7.33,4.29,1.22,28.48,31.19,26.27,32.32,17.76,17.0,2.43,0.19,86.86,22.81,23.67,3.36,7.99,10.08,2.24,2.5,0.44,2.68,0.4,2.32,2.26,1.9,32.48,48.13,63.83,0.17,0.19,0.28,0.15,0.08,0.21,0.15,,,,,,,,,,,,,,,2.52,20.76,7.25,1.1,0.51,1.65,0.44,0.44,2.32,2.26,0.83,0.87,454.43,556.9,7.46,9035.37,4294.24,191.67,214.38,6.66,243.65,261.96,11.03,62.43,131.81,2.24,1.9,1.64,1.33,20.58,32.74,18.43,6.12,48.13,485.2,104.29,23.41,3.42,5.66,53.57,82.15,32.75,10.82,16.22,0.22,1.96,17.58,38.03,1.48,27.53,10.66,1.88,3.11,1.93,0.85,4.58,0.3,3.94,0.96,0.4,0.74,0.36,0.22,33.92,17.79,20.13,12.74,3.43,22.87,35.49,14.44,15.26,5.42,13.14,18.85,50.15,33.8,1.11,624.93,273.75,423.59,292.57,228.45,31.03,624.9,22.66,11.23,10.24,344.63,2007.65,1132.68,32.48,24.09,8.37,17.26,11.81,377.16,63.83,10.59,6.26,4.27,0.12,13.77,13.66,12.8,13.84,11.46,14.36,2.96,0.51,57.55,19.31,23.79
11,Liverpool,24.0,28.0,17.0,2.0,2.0,0.0,2.0,0.0,2.3,2.15,1.65,41.0,91.5,80.5,0.1,0.12,0.24,0.11,0.13,0.25,0.1,20.5,1.08,73.5,54.0,72.25,12.0,5.0,2.0,5.0,24.3,0.5,0.5,0.0,0.0,2.0,21.0,7.0,1.45,0.36,0.0,0.0,0.0,2.3,2.15,-0.3,-0.3,861.5,1042.5,82.7,13426.5,4071.0,419.0,462.0,90.95,276.0,327.0,86.55,61.5,98.0,2.0,1.65,1.45,-0.1,19.0,63.0,19.0,2.0,91.5,975.5,36.5,11.5,3.0,4.0,18.5,10.5,0.0,0.0,0.0,0.0,3.5,16.5,52.5,3.5,43.0,0.5,2.0,3.0,1.0,0.0,4.5,0.27,3.5,0.0,0.0,0.0,0.0,0.0,27.0,18.0,10.0,12.0,4.5,11.5,24.5,14.5,19.5,2.0,15.5,11.5,40.5,12.5,0.0,1240.0,42.0,267.0,519.0,299.0,38.0,1240.0,29.5,14.0,12.0,870.0,3829.5,2033.0,41.0,29.0,6.5,21.5,10.5,906.0,80.5,10.5,5.0,2.5,2.15,42.0,18.5,45.45,22.75,18.0,13.5,1.0,0.0,79.5,15.5,14.0,25.32,25.86,18.95,2.73,3.36,0.41,3.09,0.23,4.1,3.75,2.93,41.86,95.59,94.59,0.15,0.17,0.32,0.19,0.14,0.34,0.18,20.5,1.08,73.5,54.0,72.25,12.0,5.0,2.0,5.0,24.3,0.5,0.5,0.0,0.0,3.64,35.41,11.95,1.73,0.58,0.82,0.27,0.41,4.1,3.75,-0.46,-0.39,923.0,1104.0,82.16,15708.91,5386.32,437.09,481.5,90.35,391.0,442.41,85.87,74.32,127.73,2.73,2.93,2.53,-0.2,27.18,75.59,22.95,3.64,95.59,1018.18,81.27,19.95,4.59,6.59,37.14,34.32,13.05,3.91,7.77,0.09,4.55,16.68,63.05,3.21,47.5,5.27,3.0,4.55,1.95,0.77,5.95,0.31,4.36,0.36,0.41,0.45,0.32,0.05,30.41,18.86,12.23,13.05,5.14,15.32,34.45,19.14,21.27,4.82,16.45,13.18,43.59,26.41,0.86,1301.77,99.5,334.86,622.41,355.82,64.32,1301.36,33.23,15.05,14.86,809.77,4179.59,2183.5,41.86,31.45,13.32,25.73,18.23,915.73,94.59,11.27,6.91,4.86,2.18,42.55,20.18,43.62,22.43,20.68,16.82,4.55,0.09,92.0,26.45,19.95,3.82,8.99,8.28,2.83,3.98,1.5,2.81,0.43,5.62,4.79,3.01,32.06,62.59,93.89,0.15,0.2,0.31,0.22,0.12,0.31,0.2,13.44,0.02,50.2,36.77,1.63,5.66,4.24,2.83,4.24,6.08,0.71,0.71,0.0,0.0,4.66,33.88,14.01,1.38,0.6,1.82,1.08,1.5,5.62,4.79,1.98,1.85,569.28,638.4,6.17,10726.11,4578.41,245.09,262.02,5.18,290.93,305.09,8.4,65.41,118.53,2.83,3.01,2.26,1.78,22.73,60.72,19.09,4.82,62.59,585.36,90.86,22.89,5.93,7.91,53.32,54.13,26.79,8.81,16.3,0.43,3.79,11.3,45.51,1.69,32.76,10.24,3.83,5.65,2.24,0.97,5.5,0.28,3.85,0.79,0.96,0.86,0.57,0.21,19.81,11.67,9.59,10.39,3.94,12.68,28.83,17.85,14.2,7.51,12.48,10.9,28.83,31.23,1.42,691.59,172.2,340.08,448.58,263.88,69.84,691.53,31.91,15.05,14.71,406.57,2026.26,1078.2,32.06,19.75,19.92,21.55,19.14,482.07,93.89,8.49,6.33,7.17,0.15,16.51,9.31,18.31,9.9,15.79,12.95,8.31,0.29,49.49,30.72,14.49
12,Luton Town,26.0,23.0,16.0,0.0,1.0,0.0,3.0,0.0,1.0,1.0,0.7,15.0,37.0,21.0,0.0,0.07,0.18,0.06,0.06,0.14,0.06,85.0,2.25,221.0,140.0,63.3,6.0,8.0,24.0,2.0,5.3,4.0,4.0,0.0,0.0,1.0,11.0,3.0,0.8,0.25,0.0,0.0,0.0,1.0,1.0,-0.1,-0.1,369.0,513.0,72.4,6404.0,1636.0,180.0,203.0,86.9,136.0,189.0,77.5,32.0,57.0,0.0,0.7,0.6,-0.1,8.0,27.0,6.0,1.0,37.0,475.0,28.0,6.0,0.0,2.0,13.0,7.0,0.0,0.0,0.0,0.0,2.0,10.0,19.0,1.67,13.0,0.0,1.0,1.0,1.0,0.0,2.0,0.16,1.0,0.0,0.0,0.0,0.0,0.0,21.0,13.0,11.0,7.0,2.0,11.0,22.0,11.0,22.0,6.0,11.0,8.0,27.0,22.0,0.0,694.0,51.0,160.0,320.0,119.0,20.0,694.0,16.0,7.0,7.0,385.0,2122.0,1099.0,15.0,9.0,2.0,18.0,10.0,439.0,21.0,8.0,4.0,2.0,0.68,22.0,36.0,18.2,28.9,18.0,12.0,1.0,0.0,64.0,17.0,16.0,26.32,22.84,16.72,1.32,1.76,0.2,2.8,0.0,1.75,1.59,1.2,27.0,44.44,43.72,0.08,0.12,0.2,0.11,0.07,0.18,0.1,85.0,2.25,221.0,140.0,63.3,6.0,8.0,24.0,2.0,5.3,4.0,4.0,0.0,0.0,1.96,17.08,5.36,1.1,0.35,0.44,0.2,0.2,1.75,1.59,0.21,0.17,440.32,602.0,72.65,8021.96,3236.36,198.32,230.92,85.03,176.92,216.4,77.96,51.24,114.56,1.32,1.2,1.1,0.12,12.6,33.32,10.0,3.6,44.44,524.64,74.72,19.84,0.88,4.44,33.64,28.08,8.12,3.72,4.04,0.2,2.64,16.52,29.96,1.73,20.16,2.92,2.36,2.2,1.84,0.48,3.24,0.17,1.84,0.28,0.24,0.64,0.24,0.0,26.12,14.72,13.16,9.44,3.52,11.96,24.6,12.64,19.72,7.32,12.4,13.0,39.12,36.56,0.84,784.12,104.72,279.84,315.48,198.48,31.2,783.92,30.84,14.16,13.24,401.88,2395.08,1191.04,27.0,19.2,6.76,23.16,15.36,435.2,43.72,10.4,6.12,3.08,0.68,22.76,37.16,18.6,34.18,17.68,17.92,2.68,0.16,74.6,25.4,25.2,3.05,9.16,10.16,1.99,2.4,1.0,2.02,0.0,2.5,1.94,1.45,31.27,36.32,49.71,0.1,0.16,0.21,0.11,0.06,0.15,0.11,,,,,,,,,,,,,,,2.92,17.86,6.47,0.86,0.32,1.29,1.0,1.0,2.5,1.94,1.01,1.06,315.31,437.32,7.82,6908.25,4474.24,137.72,156.02,6.35,133.46,152.78,10.0,76.68,193.21,1.99,1.45,1.24,1.0,15.32,30.41,9.99,5.59,36.32,343.03,131.27,36.71,1.54,5.61,68.0,56.52,30.09,13.21,15.98,1.0,3.0,15.72,30.88,1.06,18.04,9.49,3.57,2.61,2.87,0.82,4.1,0.17,2.12,1.06,0.52,0.99,0.83,0.0,17.89,10.35,9.45,7.09,3.82,8.66,17.68,10.69,12.4,7.12,8.87,13.12,29.33,32.23,1.11,501.96,219.4,320.16,230.77,191.27,33.32,501.84,33.12,17.44,13.89,262.54,1816.22,990.73,31.27,19.3,10.39,19.14,15.82,277.99,49.71,9.69,6.02,4.08,0.15,13.96,21.54,11.23,19.47,11.26,16.25,4.06,0.47,49.61,27.61,33.12
13,Manchester City,27.0,29.0,24.0,1.0,2.0,0.0,2.0,0.0,1.9,1.9,1.4,37.0,100.0,55.0,0.09,0.15,0.22,0.11,0.12,0.19,0.11,17.0,0.93,54.5,38.0,72.4,14.0,3.5,1.5,6.5,45.15,1.5,1.5,0.0,0.0,2.0,20.0,5.0,1.23,0.44,0.0,0.0,0.0,1.9,1.9,0.0,0.0,1011.0,1234.0,87.3,13977.0,3526.0,452.0,507.0,94.4,322.0,335.0,91.4,46.0,96.0,1.0,1.4,1.9,-0.1,18.0,53.0,16.0,1.0,100.0,1069.0,65.0,23.0,2.0,3.0,12.0,6.0,0.0,0.0,0.0,0.0,1.0,14.0,54.0,2.09,40.0,0.0,2.0,2.0,2.0,0.0,6.0,0.36,4.0,0.0,0.0,0.0,0.0,0.0,24.0,13.0,6.0,8.0,4.0,8.0,20.0,10.0,14.0,1.0,13.0,9.0,26.0,14.0,0.0,1283.0,33.0,226.0,473.0,395.0,38.0,1283.0,30.0,11.0,11.0,879.0,4459.0,2353.0,37.0,46.0,7.0,16.0,13.0,937.0,55.0,15.0,4.0,4.0,2.39,55.0,20.0,43.8,21.6,14.0,18.0,1.0,0.0,72.0,6.0,8.0,26.0,24.95,19.9,3.24,4.05,0.48,2.52,0.1,3.9,3.52,2.88,53.48,98.0,96.57,0.16,0.18,0.34,0.18,0.16,0.34,0.17,17.0,0.93,54.5,38.0,72.4,14.0,3.5,1.5,6.5,45.15,1.5,1.5,0.0,0.0,4.48,32.38,12.52,1.54,0.55,1.19,0.43,0.48,3.9,3.52,0.58,0.52,1169.29,1318.48,86.85,18722.62,5339.29,612.38,651.62,93.77,448.81,489.48,89.7,78.62,118.86,3.24,2.88,2.95,0.36,25.9,89.95,22.95,3.05,98.0,1241.33,75.14,21.9,4.0,6.33,33.14,28.71,13.57,5.38,3.14,0.33,2.0,18.19,59.86,3.08,47.14,3.1,3.05,3.19,2.57,0.81,7.95,0.42,5.9,0.24,0.62,0.48,0.62,0.1,24.57,14.52,8.71,10.48,5.38,10.52,21.71,11.19,16.71,3.52,13.19,11.05,35.62,21.71,0.81,1492.1,102.86,333.1,681.86,486.95,69.62,1491.62,34.71,17.86,13.43,959.81,5005.14,2759.71,53.48,41.29,19.71,20.95,16.95,1156.14,96.57,14.33,5.05,8.0,2.42,50.14,17.71,42.05,18.52,13.62,19.52,1.95,0.05,82.43,15.48,13.67,4.02,9.35,11.33,3.78,5.76,1.78,2.52,0.3,6.65,5.37,3.2,51.46,87.53,93.56,0.19,0.19,0.32,0.23,0.19,0.33,0.19,14.14,0.08,38.89,25.46,2.4,14.14,3.54,2.12,4.95,21.0,2.12,2.12,0.0,0.0,6.91,34.9,15.19,1.2,0.52,3.11,1.57,1.78,6.65,5.37,2.32,2.4,879.9,948.16,5.64,15036.71,5156.01,436.5,458.3,4.13,386.86,406.55,6.5,85.46,113.46,3.78,3.2,2.61,1.62,23.79,97.44,20.09,4.1,87.53,912.42,69.16,18.32,4.64,8.66,43.88,54.04,32.04,12.15,8.78,1.15,2.21,13.86,48.27,2.09,38.25,6.98,4.21,3.06,2.34,1.57,6.99,0.44,5.27,0.7,0.92,0.81,0.92,0.3,20.33,12.18,8.08,9.46,4.68,9.28,18.11,9.77,12.27,4.97,9.97,10.1,29.28,22.7,1.17,1024.45,209.26,354.74,633.01,370.91,68.85,1024.78,40.17,21.24,15.79,656.61,3303.42,1940.87,51.46,27.48,33.5,19.0,13.96,815.55,93.56,10.03,4.1,8.12,0.11,26.04,8.94,22.53,9.47,9.96,14.52,2.42,0.22,57.47,17.97,13.31
14,Manchester Utd,25.5,22.0,15.0,1.0,1.0,0.0,2.5,0.0,0.85,0.85,0.9,14.0,52.0,32.5,0.07,0.07,0.16,0.08,0.07,0.19,0.08,58.0,1.53,203.0,146.0,74.9,18.0,6.0,14.0,9.0,23.7,7.0,7.0,0.0,0.0,1.0,7.0,3.5,0.87,0.25,0.0,0.0,0.0,0.85,0.85,0.0,0.0,568.5,703.0,81.65,8755.5,2378.5,288.5,327.0,89.2,196.5,235.0,84.9,31.0,56.0,1.0,0.9,0.6,-0.1,9.0,33.5,6.0,0.5,52.0,675.0,30.0,7.0,1.0,2.0,6.0,3.0,0.0,0.0,0.0,0.0,2.0,8.5,21.5,2.02,18.5,0.0,0.0,0.5,1.0,0.0,2.0,0.18,1.5,0.0,0.0,0.0,0.0,0.0,18.5,12.5,8.0,6.5,2.5,9.5,19.0,9.0,18.0,6.0,8.5,7.0,27.5,20.0,0.0,911.5,55.0,226.0,374.0,136.5,16.5,911.5,11.0,5.5,4.0,532.0,2522.5,1314.0,14.0,12.5,2.0,10.0,9.5,571.5,32.5,7.0,5.0,3.0,1.59,20.5,25.0,24.95,26.7,14.5,9.5,1.5,0.0,68.5,13.5,18.0,25.27,21.5,16.04,1.35,1.96,0.27,3.19,0.04,2.19,1.98,1.53,28.77,56.65,56.08,0.09,0.13,0.21,0.12,0.09,0.21,0.12,58.0,1.53,203.0,146.0,74.9,18.0,6.0,14.0,9.0,23.7,7.0,7.0,0.0,0.0,2.19,20.81,7.0,1.15,0.42,0.58,0.23,0.27,2.19,1.98,-0.0,-0.02,604.62,748.5,81.6,9987.73,3501.23,302.0,339.35,89.8,228.65,266.04,83.81,52.08,96.77,1.35,1.53,1.32,-0.19,16.54,46.08,12.88,1.92,56.65,681.15,63.88,14.27,2.81,3.81,22.81,24.73,8.58,2.69,3.31,0.38,3.46,14.27,37.85,2.32,28.5,3.0,2.12,2.0,1.42,0.81,3.73,0.19,2.62,0.12,0.31,0.27,0.23,0.19,25.81,15.65,12.81,9.08,3.92,13.27,27.27,14.0,20.38,7.96,12.42,11.88,37.69,34.0,0.46,919.04,112.85,314.73,377.19,234.65,39.08,918.77,26.46,11.81,11.5,534.73,2882.31,1514.58,28.77,19.81,10.38,18.5,13.0,597.12,56.08,10.23,5.46,3.58,1.55,24.0,24.42,23.73,29.04,15.27,12.96,3.46,0.04,70.69,16.77,17.12,4.41,10.05,11.04,1.72,2.72,1.04,2.28,0.2,3.02,2.57,2.4,38.94,58.38,71.13,0.11,0.16,0.19,0.12,0.09,0.17,0.12,,,,,,,,,,,,,,,3.15,27.64,9.52,1.01,0.4,2.18,0.86,1.04,3.02,2.57,1.07,1.07,414.88,537.86,5.31,7936.23,4038.55,194.09,220.23,4.58,175.06,203.25,7.67,67.21,147.21,1.72,2.4,2.0,0.99,23.02,42.21,18.17,3.6,58.38,468.13,82.6,19.03,5.91,5.03,45.59,55.16,29.72,9.16,10.94,1.6,4.66,15.44,45.26,1.47,30.98,9.47,4.07,3.24,2.58,1.1,4.83,0.17,3.3,0.59,0.68,0.6,0.51,0.49,23.19,14.42,13.52,8.59,4.29,13.46,26.62,14.97,16.92,8.58,11.72,11.56,32.67,31.39,0.71,631.73,235.85,339.32,274.78,264.89,54.52,631.19,33.72,14.14,16.08,357.6,2021.79,1157.77,38.94,20.5,22.98,18.68,13.0,401.91,71.13,10.76,4.07,3.55,0.27,17.01,16.02,15.88,19.66,11.51,12.33,4.9,0.2,50.51,15.9,14.18
15,Newcastle Utd,25.5,21.0,14.5,1.0,1.5,0.0,2.0,0.0,1.35,1.35,1.05,21.5,52.5,57.0,0.07,0.14,0.21,0.13,0.11,0.3,0.13,29.0,1.48,94.0,64.5,71.6,9.0,3.0,6.5,5.0,28.0,2.5,2.0,0.5,0.0,1.5,16.0,4.0,1.3,0.42,0.0,0.0,0.0,1.35,1.35,0.25,0.25,503.5,603.5,81.45,7740.0,2959.0,249.0,277.5,89.3,197.0,228.0,85.2,25.5,57.0,1.0,1.05,1.1,-0.05,11.0,37.0,12.0,2.0,52.5,524.5,42.0,9.5,1.0,2.0,11.0,5.5,0.5,0.0,0.0,0.0,2.0,13.5,30.0,2.37,23.0,0.0,2.0,2.0,1.0,0.0,4.0,0.34,3.0,0.0,0.0,0.0,0.0,0.0,22.0,13.5,11.0,7.0,2.5,11.5,25.5,12.0,17.0,2.5,13.5,8.0,31.0,17.0,0.0,717.0,36.5,209.5,302.0,206.0,37.0,714.5,22.0,10.0,8.0,401.0,2225.5,1293.5,21.5,16.5,5.0,16.5,12.5,473.0,57.0,8.0,3.5,0.0,1.56,33.5,25.0,28.15,26.6,12.0,15.0,1.0,0.0,63.0,10.5,13.5,26.12,22.88,17.33,2.29,3.12,0.38,3.21,0.04,3.24,2.94,2.17,30.54,64.58,64.25,0.12,0.2,0.32,0.2,0.12,0.32,0.19,29.0,1.48,94.0,64.5,71.6,9.0,3.0,6.5,5.0,28.0,2.5,2.0,0.5,0.0,3.46,22.54,8.17,1.41,0.58,0.38,0.33,0.38,3.24,2.94,0.22,0.18,667.0,821.5,80.19,11345.54,3988.08,318.17,357.33,89.19,277.92,320.92,84.45,56.08,103.04,2.29,2.17,1.81,0.12,17.62,45.79,15.83,3.17,64.58,746.17,72.92,21.33,3.54,5.54,27.0,28.12,8.0,3.12,2.5,0.38,2.42,15.04,40.79,2.3,29.54,2.88,3.0,2.79,1.92,0.67,6.0,0.35,3.75,0.29,0.75,0.54,0.54,0.12,27.33,16.21,13.04,10.5,3.79,12.46,28.21,15.75,20.58,6.29,14.29,11.83,39.17,28.21,0.67,993.46,100.25,333.54,419.92,249.46,45.54,993.12,30.33,14.79,11.96,565.04,3042.79,1514.92,30.54,21.08,10.12,21.04,16.67,662.42,64.25,11.29,5.54,3.58,1.6,38.83,28.0,34.73,27.83,15.88,19.46,2.42,0.04,76.12,18.83,17.12,4.88,8.68,10.77,3.16,3.81,1.28,2.9,0.2,4.56,3.69,2.37,31.52,63.59,58.64,0.15,0.21,0.27,0.24,0.11,0.27,0.2,18.38,0.59,50.91,31.82,1.13,0.0,1.41,3.54,0.0,7.5,3.54,2.83,0.71,0.0,4.75,21.74,9.25,1.09,0.66,1.01,1.09,1.28,4.56,3.69,0.94,0.93,523.98,639.66,5.98,9860.69,3782.68,225.92,253.45,4.59,252.1,285.36,8.45,67.56,118.65,3.16,2.37,1.99,1.17,18.91,45.19,17.53,4.54,63.59,585.09,93.24,30.53,5.66,9.57,46.88,51.26,24.4,9.19,8.24,1.64,3.02,11.3,39.49,1.24,27.13,6.63,3.78,3.12,2.92,1.37,6.7,0.25,3.55,0.75,1.39,0.98,1.18,0.34,22.89,13.48,11.94,9.55,3.81,11.19,24.17,13.53,16.9,9.26,12.01,11.6,32.91,34.91,0.96,733.15,148.22,333.95,368.61,218.63,39.92,733.29,36.19,17.88,13.55,433.05,2442.27,1210.53,31.52,20.53,14.03,18.99,16.48,512.55,58.64,9.68,4.71,5.69,0.19,22.17,17.14,19.46,17.2,13.68,23.77,4.02,0.2,57.25,23.77,16.4
16,Nott'ham Forest,26.0,20.0,15.0,1.0,0.0,0.0,2.0,0.0,0.8,0.8,0.8,10.0,32.0,14.0,0.05,0.0,0.09,0.06,0.05,0.13,0.06,27.0,1.69,61.0,36.0,57.4,4.0,4.0,8.0,1.0,11.8,1.0,1.0,0.0,0.0,0.0,8.0,1.0,0.72,0.2,0.0,0.0,0.0,0.8,0.8,-0.1,-0.1,348.0,448.0,75.6,6655.0,2147.0,181.0,225.0,86.7,143.0,156.0,81.3,32.0,50.0,1.0,0.8,0.6,0.0,7.0,22.0,5.0,0.0,32.0,414.0,35.0,7.0,1.0,1.0,6.0,3.0,0.0,0.0,0.0,0.0,2.0,9.0,16.0,1.62,14.0,0.0,0.0,1.0,0.0,0.0,2.0,0.18,2.0,0.0,0.0,0.0,0.0,0.0,20.0,13.0,9.0,6.0,1.0,9.0,24.0,6.0,12.0,3.0,7.0,9.0,29.0,26.0,0.0,616.0,46.0,181.0,289.0,109.0,13.0,616.0,9.0,4.0,4.0,279.0,1145.0,577.0,10.0,10.0,1.0,10.0,7.0,343.0,14.0,8.0,4.0,4.0,0.97,17.0,27.0,18.6,20.8,11.0,7.0,0.0,0.0,50.0,14.0,10.0,26.03,19.55,14.31,1.48,1.66,0.03,2.83,0.1,1.72,1.7,1.31,20.48,39.21,38.14,0.09,0.09,0.18,0.1,0.08,0.18,0.1,22.33,1.91,54.33,32.67,58.3,3.0,3.0,6.67,1.33,12.7,1.33,1.33,0.0,0.0,1.69,15.34,4.93,1.0,0.29,0.24,0.03,0.03,1.72,1.7,-0.03,-0.04,407.24,537.59,75.77,7208.28,2855.69,188.69,219.62,86.31,163.45,200.97,80.48,43.45,85.79,1.48,1.31,0.96,0.18,11.17,31.03,8.41,2.1,39.21,479.03,55.93,14.1,1.83,2.86,20.45,22.79,5.1,2.76,1.9,0.0,2.62,10.76,26.66,1.75,19.31,2.31,1.62,1.9,1.07,0.45,3.0,0.2,2.38,0.17,0.21,0.1,0.07,0.07,24.97,14.76,15.03,7.52,2.41,11.14,20.76,9.62,16.62,5.76,10.86,11.38,36.34,33.38,0.45,689.66,85.9,252.34,284.86,159.9,26.69,689.62,20.48,9.41,9.07,350.1,1873.1,998.55,20.48,13.45,5.28,18.03,9.76,403.76,38.14,8.86,5.24,5.21,0.98,18.45,25.14,18.79,19.97,14.59,12.55,2.62,0.07,61.9,20.0,19.07,3.88,9.65,8.54,2.41,3.13,0.19,2.32,0.31,2.68,2.63,1.9,29.48,37.28,54.87,0.11,0.17,0.22,0.13,0.08,0.18,0.13,8.96,0.42,29.57,21.2,8.78,1.73,2.65,2.31,0.58,6.89,0.58,0.58,0.0,0.0,3.16,17.63,7.09,0.75,0.35,0.83,0.19,0.19,2.68,2.63,1.35,1.36,270.85,359.27,7.02,5082.88,2549.36,129.98,152.17,7.52,118.42,141.14,11.54,44.47,91.93,2.41,1.9,1.4,0.89,15.03,28.91,9.72,3.81,37.28,326.4,60.85,20.19,3.32,4.73,37.6,38.31,18.22,8.58,8.33,0.0,2.73,10.08,30.82,1.19,19.76,7.12,2.56,2.19,1.81,0.63,3.95,0.19,3.28,0.6,0.62,0.31,0.26,0.26,21.02,12.54,13.86,7.27,3.03,9.69,16.98,8.39,13.88,6.39,9.43,10.62,30.07,35.7,0.83,459.83,114.77,212.29,224.64,182.28,32.36,459.74,28.05,12.4,12.92,250.17,1586.17,924.1,29.48,17.11,10.46,20.1,10.9,290.51,54.87,7.35,4.33,5.43,0.22,12.2,15.59,12.12,12.03,12.65,15.34,4.48,0.26,46.83,18.2,21.79
17,Sheffield Utd,24.5,13.5,11.0,0.0,0.0,0.0,2.5,0.0,0.4,0.4,0.4,7.0,16.0,14.5,0.0,0.0,0.0,0.04,0.04,0.11,0.04,52.0,2.8,131.5,83.0,60.65,1.5,3.5,14.0,0.5,1.7,3.5,2.5,0.0,1.0,0.0,6.0,1.0,0.56,0.17,0.0,0.0,0.0,0.4,0.4,-0.2,-0.25,198.0,281.5,71.05,2930.0,1101.5,105.0,116.5,85.4,68.5,94.5,78.55,15.0,41.0,0.0,0.4,0.3,-0.2,3.0,17.5,3.5,1.0,16.0,249.0,18.0,2.0,0.0,0.5,6.0,3.0,0.0,0.0,0.0,0.0,2.0,8.0,11.0,1.37,7.5,0.0,0.0,1.0,0.0,0.0,1.0,0.03,0.0,0.0,0.0,0.0,0.0,0.0,17.0,8.0,6.0,5.5,2.0,5.5,13.0,7.0,11.0,3.5,6.0,7.5,23.5,20.0,0.0,391.0,32.5,139.0,143.0,90.5,9.0,390.5,11.5,5.0,5.0,199.0,1018.5,482.0,7.0,6.0,1.5,9.5,6.0,224.0,14.5,6.5,3.5,2.5,0.4,11.0,26.5,9.35,20.3,10.0,9.0,1.0,0.0,37.0,8.0,15.5,25.46,18.04,13.46,0.5,0.71,0.14,3.5,0.18,1.11,0.99,0.73,9.07,29.18,23.18,0.03,0.04,0.06,0.09,0.07,0.15,0.08,52.0,2.8,131.5,83.0,60.65,1.5,3.5,14.0,0.5,1.7,3.5,2.5,0.0,1.0,0.86,10.46,3.57,0.81,0.28,0.21,0.14,0.14,1.11,0.99,-0.25,-0.28,317.21,450.68,69.62,5753.57,2477.0,146.36,173.86,83.5,126.89,158.96,75.58,36.21,91.54,0.5,0.73,0.64,-0.23,7.36,23.57,5.93,1.54,29.18,390.89,57.64,13.32,0.61,1.79,13.79,23.68,4.79,2.32,1.68,0.21,2.14,10.21,17.57,1.44,12.43,1.96,0.89,1.29,0.68,0.32,1.46,0.11,0.96,0.07,0.11,0.18,0.11,0.04,23.5,13.25,12.82,8.18,2.5,9.89,20.79,10.89,16.75,6.32,10.43,12.0,35.5,36.18,0.64,591.54,99.18,248.54,235.96,112.43,18.11,591.39,15.14,6.68,7.25,268.11,1350.57,639.18,9.07,7.96,3.11,13.46,8.46,305.96,23.18,8.82,4.57,4.54,0.37,12.25,36.36,13.33,26.96,14.07,9.61,1.79,0.25,52.71,20.29,22.11,4.25,10.55,10.78,1.29,1.46,0.45,3.18,0.48,1.75,1.48,1.16,9.89,30.73,26.18,0.06,0.09,0.14,0.12,0.09,0.16,0.1,38.18,0.17,102.53,66.47,4.31,2.12,0.71,11.31,0.71,2.4,3.54,3.54,0.0,0.0,1.76,12.56,4.8,0.79,0.35,1.13,0.45,0.45,1.75,1.48,0.51,0.53,282.85,394.7,7.48,5648.19,3300.16,125.82,146.25,9.1,128.41,155.68,12.32,53.59,143.82,1.29,1.16,0.92,0.48,13.13,24.13,7.66,2.19,30.73,340.05,85.34,26.48,1.07,2.79,24.07,44.09,15.93,8.63,6.18,0.83,2.27,9.32,21.95,0.95,14.47,4.69,2.06,1.58,1.19,0.61,2.6,0.15,2.05,0.26,0.42,0.39,0.31,0.19,27.02,16.42,15.44,10.21,3.11,11.19,21.41,11.24,16.34,8.47,9.82,12.15,37.76,42.81,1.31,499.36,184.14,289.04,220.59,108.99,19.19,499.34,15.18,7.38,7.43,217.55,1130.64,591.45,9.89,7.6,4.38,12.78,7.73,252.75,26.18,9.76,3.72,5.28,0.17,10.41,28.97,11.21,20.97,13.4,6.83,2.5,0.52,48.06,27.29,24.14
18,Tottenham,25.5,27.5,15.5,1.0,1.5,0.0,3.0,0.0,1.65,1.65,0.85,23.0,71.5,33.0,0.1,0.08,0.18,0.11,0.08,0.24,0.11,61.0,1.61,167.0,109.0,67.7,20.0,6.0,12.0,7.0,18.4,7.0,7.0,0.0,0.0,1.5,15.5,5.0,1.56,0.36,0.0,0.0,0.0,1.65,1.65,-0.25,-0.25,826.5,944.0,86.25,12816.0,3203.0,414.5,437.0,91.5,288.0,350.0,88.3,30.5,45.0,1.0,0.85,1.45,0.0,10.0,43.0,12.0,1.0,71.5,851.5,36.5,8.5,2.0,1.0,13.0,8.0,0.0,0.0,0.0,0.0,3.0,17.5,32.5,2.47,24.0,0.0,1.0,1.5,0.5,0.0,3.0,0.28,2.5,0.0,0.0,0.0,0.0,0.0,23.5,15.0,10.0,8.0,3.0,11.5,22.5,11.5,16.0,3.5,11.5,10.0,35.0,17.5,1.0,1098.5,37.0,170.5,465.5,249.5,21.5,1098.5,22.0,10.5,8.5,661.5,3584.5,1932.0,23.0,21.0,4.0,15.0,10.5,781.0,33.0,5.0,5.0,0.5,1.78,34.0,27.5,28.9,26.95,13.5,18.0,1.0,0.0,60.5,8.5,14.5,25.12,23.75,17.42,2.42,2.75,0.08,3.71,0.17,2.86,2.8,2.4,39.79,87.58,87.0,0.19,0.13,0.32,0.17,0.16,0.33,0.16,61.0,1.61,167.0,109.0,67.7,20.0,6.0,12.0,7.0,18.4,7.0,7.0,0.0,0.0,2.83,24.12,8.58,1.48,0.46,0.46,0.08,0.08,2.86,2.8,-0.03,-0.05,857.04,1004.29,83.97,13541.46,4623.79,441.08,482.04,90.3,347.08,387.96,86.51,45.21,79.08,2.42,2.4,2.17,0.02,19.17,65.58,18.92,2.71,87.58,919.92,80.92,26.46,3.79,2.46,29.58,30.08,9.75,3.88,2.92,0.04,3.46,20.0,43.75,2.93,34.08,2.5,2.46,2.5,1.29,0.92,5.08,0.38,4.0,0.29,0.29,0.21,0.12,0.17,30.08,18.75,13.92,11.0,5.17,15.0,28.75,13.75,18.42,5.42,13.0,14.75,44.83,29.21,1.0,1183.42,115.83,353.71,508.29,332.29,54.54,1183.33,33.54,14.92,14.92,749.54,3851.04,1935.54,39.79,26.29,14.5,22.92,15.5,849.5,87.0,10.17,6.33,3.42,1.78,33.67,27.46,30.99,28.51,17.5,21.04,3.33,0.12,79.21,14.75,15.92,3.53,10.93,12.69,3.31,3.82,0.41,2.84,0.48,3.45,3.28,3.24,39.77,68.79,109.0,0.26,0.17,0.33,0.16,0.18,0.28,0.15,,,,,,,,,,,,,,,4.11,23.99,10.06,1.07,0.41,1.14,0.41,0.41,3.45,3.28,2.0,1.95,634.89,722.45,7.37,10689.08,4504.21,313.1,337.5,5.12,305.56,322.78,9.16,42.42,89.23,3.31,3.24,2.38,1.44,22.46,58.86,21.44,4.48,68.79,648.9,109.41,31.92,5.13,3.37,47.96,70.26,27.64,11.46,9.89,0.2,3.37,18.15,44.38,2.19,33.09,7.03,3.28,2.8,2.2,1.32,5.31,0.39,4.08,0.75,0.75,0.41,0.34,0.38,26.49,16.75,13.56,10.25,5.57,14.74,27.0,13.65,15.58,6.28,11.86,13.02,38.54,31.99,1.32,819.57,256.42,423.11,420.46,305.87,64.89,819.55,33.11,13.53,17.01,516.51,2611.07,1417.43,39.77,21.28,22.17,21.88,16.42,569.2,109.0,11.41,6.82,5.13,0.32,22.74,16.7,20.57,18.13,15.48,16.7,5.47,0.34,59.73,18.53,14.3
19,West Ham,28.0,26.0,21.0,0.0,1.0,0.0,2.0,0.0,1.3,1.3,0.4,10.0,38.0,29.0,0.0,0.05,0.1,0.07,0.06,0.12,0.07,37.0,2.2,120.5,84.5,70.25,7.0,5.0,7.0,2.5,13.6,5.0,4.0,1.0,0.0,1.0,14.0,3.0,0.99,0.27,0.0,0.0,0.0,1.3,1.3,0.0,0.0,484.0,702.0,75.1,9625.0,3594.0,155.0,179.0,89.1,231.0,246.0,80.0,54.0,104.0,0.0,0.4,0.4,0.0,5.0,29.0,6.0,1.0,38.0,597.0,43.0,12.0,1.0,4.0,8.0,3.0,0.0,0.0,0.0,0.0,2.0,10.0,17.0,2.12,13.0,1.0,0.0,1.0,1.0,1.0,2.0,0.17,1.0,0.0,0.0,0.0,0.0,0.0,23.0,14.0,14.0,7.0,2.0,10.0,16.0,9.0,21.0,3.0,9.0,11.0,43.0,16.0,0.0,976.0,61.0,255.0,372.0,119.0,24.0,976.0,13.0,6.0,7.0,498.0,2338.0,1349.0,10.0,11.0,2.0,13.0,8.0,419.0,29.0,15.0,3.0,2.0,1.35,33.0,44.0,27.1,38.2,15.0,7.0,1.0,0.0,70.0,25.0,23.0,28.33,24.1,19.76,1.9,2.52,0.24,3.67,0.1,2.49,2.3,1.67,26.33,56.48,56.14,0.07,0.13,0.2,0.13,0.08,0.2,0.12,37.0,2.2,120.5,84.5,70.25,7.0,5.0,7.0,2.5,13.6,5.0,4.0,1.0,0.0,2.71,20.95,6.81,1.19,0.37,0.81,0.19,0.24,2.49,2.3,0.23,0.23,589.81,768.86,75.1,10302.86,4043.52,283.33,321.24,87.67,226.0,269.81,82.04,62.71,128.43,1.9,1.67,1.47,0.23,14.52,45.48,10.71,3.38,56.48,683.52,82.05,20.14,2.81,7.48,31.43,34.19,7.86,4.43,2.9,0.0,3.29,19.48,36.9,2.01,24.33,4.33,2.76,2.05,2.24,1.19,4.95,0.22,3.33,0.52,0.38,0.38,0.19,0.14,32.0,19.95,16.57,11.67,3.76,14.38,28.43,14.05,22.9,8.43,14.48,16.95,48.95,43.0,0.38,980.81,123.57,345.19,424.38,221.52,35.57,980.52,35.24,16.76,15.1,525.71,2855.67,1358.67,26.33,17.43,8.0,24.05,18.76,584.67,56.14,14.62,4.33,7.43,1.31,31.05,38.05,27.02,36.66,17.71,18.38,3.38,0.19,85.05,26.81,26.76,3.95,10.52,13.35,2.68,3.97,0.62,3.58,0.3,3.09,2.97,2.26,32.39,52.69,64.97,0.09,0.2,0.23,0.12,0.07,0.17,0.12,22.63,0.6,95.46,72.83,6.01,5.66,5.66,5.66,2.12,0.99,2.83,1.41,1.41,0.0,4.06,22.71,8.86,1.0,0.34,3.49,0.6,0.62,3.09,2.97,1.34,1.31,450.77,564.45,6.88,7620.24,3606.62,250.91,279.09,6.42,175.27,204.59,10.75,59.52,129.39,2.68,2.26,1.94,0.94,17.08,44.77,13.95,5.73,52.69,497.67,107.96,25.5,6.42,8.45,48.24,85.77,26.41,14.86,11.55,0.0,3.08,20.15,37.19,1.38,23.16,11.47,5.55,2.18,3.25,1.25,6.11,0.21,4.2,1.57,0.8,0.8,0.51,0.36,30.63,19.71,16.49,11.93,4.91,14.33,25.52,12.3,19.25,9.74,13.12,15.74,44.55,45.98,0.86,690.36,183.73,292.68,361.52,222.68,41.29,690.07,51.12,27.52,20.03,359.52,1998.99,976.57,32.39,18.09,13.32,27.65,27.01,425.14,64.97,11.61,4.41,9.57,0.29,20.97,23.93,17.06,22.93,15.68,20.92,5.65,0.51,67.95,26.66,23.44
20,Wolves,24.0,25.5,14.5,0.5,1.0,0.0,3.0,0.0,1.2,1.2,1.05,21.5,38.0,19.0,0.02,0.04,0.06,0.06,0.05,0.12,0.06,32.5,1.68,101.5,69.5,63.35,6.5,3.5,9.0,2.5,22.35,4.0,4.0,0.0,0.0,1.0,12.5,3.5,1.03,0.24,0.0,0.0,0.0,1.2,1.2,-0.25,-0.25,526.5,687.5,79.5,8033.5,2131.5,276.0,321.5,89.5,178.0,220.5,84.55,31.5,64.5,0.5,1.05,0.75,-0.1,8.5,22.5,7.0,1.0,38.0,605.5,46.0,12.0,1.0,4.0,12.0,7.5,0.0,0.0,0.0,0.0,2.5,11.0,20.0,1.88,17.0,0.0,1.0,1.0,0.0,0.0,2.0,0.11,1.5,0.0,0.0,0.0,0.0,0.0,20.5,13.0,10.0,7.0,2.0,10.5,22.0,9.5,17.5,3.0,12.5,7.5,30.0,19.5,0.0,857.5,36.5,175.0,345.5,151.0,26.0,857.5,15.5,9.0,5.0,529.5,2838.5,1203.5,21.5,15.0,2.0,12.5,8.5,522.5,19.0,6.0,4.0,2.5,1.17,20.0,25.5,19.75,26.6,14.0,12.0,2.0,0.0,70.0,8.5,23.0,24.71,23.33,17.33,1.5,1.79,0.17,4.17,0.12,2.0,1.87,1.35,27.67,48.83,48.0,0.07,0.12,0.19,0.13,0.09,0.23,0.13,32.5,1.68,101.5,69.5,63.35,6.5,3.5,9.0,2.5,22.35,4.0,4.0,0.0,0.0,1.96,17.67,6.38,1.16,0.42,0.5,0.17,0.17,2.0,1.87,-0.05,-0.08,641.29,794.29,79.1,10615.38,3515.29,318.04,354.46,89.14,253.08,291.12,84.41,50.67,105.04,1.5,1.35,1.15,0.15,13.04,37.67,9.92,2.54,48.83,721.08,70.0,18.12,2.04,5.21,23.96,28.42,6.46,3.08,1.71,0.62,3.21,13.79,30.62,1.9,21.38,2.71,2.21,1.96,1.75,0.62,3.38,0.17,2.17,0.29,0.29,0.25,0.29,0.08,30.67,17.88,17.17,10.29,3.21,12.92,24.96,12.04,21.04,7.17,13.88,11.58,42.25,34.46,0.67,972.71,117.42,360.12,424.62,198.38,30.54,972.54,33.58,16.83,13.33,539.96,2944.96,1516.33,27.67,21.33,6.88,22.17,16.04,635.33,48.0,11.12,6.0,6.08,1.07,22.83,29.46,21.2,30.6,19.79,16.54,3.12,0.04,78.12,18.29,20.42,4.52,11.38,13.28,2.55,3.04,0.48,3.82,0.34,2.52,2.26,1.5,33.42,43.69,53.41,0.13,0.24,0.29,0.14,0.12,0.25,0.14,36.06,0.06,122.33,86.97,14.21,7.78,4.95,9.9,2.12,15.49,5.66,5.66,0.0,0.0,3.33,18.64,8.34,0.81,0.4,1.56,0.48,0.48,2.52,2.26,1.25,1.23,541.39,646.4,6.88,9498.01,3657.26,266.59,292.7,6.19,251.89,277.46,9.56,53.95,123.96,2.55,1.5,1.31,1.46,13.04,34.46,11.26,3.39,43.69,601.15,83.1,18.54,2.88,6.33,35.63,57.39,15.8,8.11,4.32,2.12,3.22,12.7,27.99,1.2,17.46,6.13,3.31,2.2,2.64,1.28,4.29,0.22,2.68,0.91,0.75,0.44,0.69,0.28,32.24,19.57,18.97,11.51,3.34,12.32,23.47,12.18,18.61,10.61,11.79,12.36,42.17,45.12,1.34,761.24,225.09,412.14,360.05,185.1,33.07,761.21,40.19,19.93,16.67,428.26,2308.57,1302.95,33.42,23.29,11.59,22.59,16.82,508.03,53.41,11.58,6.08,7.93,0.33,17.36,20.24,15.32,21.55,17.22,15.31,3.67,0.2,64.31,22.22,14.46
